Theta[deg],Phi[deg],dB(NearEPhi),ang_deg(NearEPhi)[deg],dB(NearETheta),ang_deg(NearETheta)[deg]
0,-180,61.8107,31.6155,47.2329,59.3618
5,-180,65.8196,7.43713,47.4494,30.5156
10,-180,64.7997,-13.9757,46.7798,-14.4778
15,-180,62.504,-70.0393,49.8608,-60.8642
20,-180,67.1258,-115.552,53.176,-82.671
25,-180,69.6663,-127.908,54.4227,-96.2234
30,-180,69.1181,-138.131,54.3841,-115.428
35,-180,67.7897,-164.148,55.721,-141.132
40,-180,70.0581,171.446,58.6814,-153.164
45,-180,72.664,173.482,60.9352,-149.505
50,-180,73.6244,-169.36,61.8659,-136.819
55,-180,73.208,-143.351,61.5452,-118.405
60,-180,71.9228,-110.856,60.1234,-95.4027
65,-180,70.2672,-74.4018,57.8038,-67.984
70,-180,68.5049,-37.7906,54.9594,-36.4656
75,-180,66.5768,-4.48321,52.1388,-3.63101
80,-180,64.4017,23.6464,49.5816,23.9671
85,-180,62.1734,45.4718,46.8452,40.4538
90,-180,60.4108,59.5148,43.1466,45.5924
0,-175,61.6514,31.1735,50.3155,50.5948
5,-175,65.6895,7.13427,52.0033,20.8007
10,-175,64.6849,-13.9568,51.3152,-14.112
15,-175,62.2437,-69.5795,52.515,-64.1706
20,-175,66.8422,-116.217,56.0869,-93.7216
25,-175,69.4504,-128.84,57.8685,-107.576
30,-175,68.9504,-138.821,57.7941,-123.058
35,-175,67.5049,-164.191,58.2628,-148.558
40,-175,69.5886,170.177,61.0866,-165.102
45,-175,72.2028,170.853,63.7178,-162.979
50,-175,73.1842,-173.04,65.0586,-149.787
55,-175,72.7612,-148.064,65.1768,-130.053
60,-175,71.431,-116.607,64.3003,-105.616
65,-175,69.7016,-81.0674,62.7055,-77.5382
70,-175,67.869,-45.226,60.7364,-47.5341
75,-175,65.8858,-12.6944,58.6987,-19.2436
80,-175,63.6418,14.7033,56.6361,1.98635
85,-175,61.3109,36.4115,54.3399,10.9623
90,-175,59.4972,51.6721,51.5704,3.58243
0,-170,61.422,30.7112,52.6192,45.8924
5,-170,65.4786,6.94952,54.989,16.906
10,-170,64.5478,-13.4912,54.2645,-13.3195
15,-170,61.8769,-67.3014,54.4106,-64.6125
20,-170,66.3217,-116.155,58.1748,-99.1147
25,-170,69.0945,-129.506,60.3155,-113.02
30,-170,68.7622,-138.909,60.2641,-126.19
35,-170,67.1448,-162.2,60.1109,-150.896
40,-170,68.7389,169.993,62.6778,-171.519
45,-170,71.3741,167.357,65.5495,-171.792
50,-170,72.4659,-179.069,67.1595,-159.581
55,-170,72.1098,-156.635,67.5463,-140.535
60,-170,70.7548,-127.938,66.9694,-117.077
65,-170,68.8863,-95.0538,65.7087,-90.7523
70,-170,66.8592,-61.3359,64.0544,-63.5846
75,-170,64.7052,-30.5019,62.2352,-38.8947
80,-170,62.3014,-4.53968,60.3081,-21.1509
85,-170,59.7658,16.6672,58.196,-14.873
90,-170,57.7874,33.7951,55.8941,-23.8695
0,-165,61.1189,30.2197,54.4142,42.9609
5,-165,65.1823,6.87277,57.1549,14.9725
10,-165,64.382,-12.636,56.4673,-12.1143
15,-165,61.4434,-63.1489,55.8298,-62.7031
20,-165,65.5418,-115.203,59.6143,-101.504
25,-165,68.5689,-129.896,62.0858,-115.95
30,-165,68.5273,-138.614,62.1953,-127.304
35,-165,66.8007,-158.485,61.5595,-149.684
40,-165,67.5519,171.771,63.5597,-174.177
45,-165,70.1346,163.702,66.5676,-178.539
50,-165,71.4209,173.187,68.4436,-168.888
55,-165,71.2229,-168.329,69.0979,-152.085
60,-165,69.9018,-144.02,68.7892,-131.19
65,-165,67.8669,-115.674,67.7841,-108.094
70,-165,65.4896,-85.7287,66.3314,-84.8487
75,-165,62.9297,-57.3998,64.6274,-64.3169
80,-165,60.1188,-32.7617,62.7645,-50.1751
85,-165,57.1189,-10.8387,60.7631,-46.2503
90,-165,54.8464,11.3281,58.7342,-55.8106
0,-160,60.7367,29.6878,55.8583,40.9423
5,-160,64.7938,6.89206,58.816,13.972
10,-160,64.1761,-11.4707,58.2356,-10.5605
15,-160,61.0089,-57.1889,56.9543,-58.628
20,-160,64.4722,-113.026,60.5273,-101.741
25,-160,67.8256,-129.946,63.3443,-117.47
30,-160,68.1931,-138.189,63.7545,-127.439
35,-160,66.5538,-153.851,62.8519,-146.049
40,-160,66.1826,176.75,63.9168,-173.003
45,-160,68.4307,161.227,66.8685,176.594
50,-160,69.9604,164.833,69.0307,-177.922
55,-160,70.0269,178.066,69.997,-164.586
60,-160,68.8564,-163.389,69.9886,-147.297
65,-160,66.7386,-141.529,69.2559,-128.288
70,-160,63.9336,-118.019,68.0202,-109.589
75,-160,60.5875,-94.7632,66.4607,-93.6327
80,-160,56.6091,-72.6846,64.7006,-83.3443
85,-160,51.8344,-47.0088,62.8402,-81.7797
90,-160,48.6885,-3.50353,61.0439,-91.5988
0,-155,60.2682,29.1012,57.0456,39.4515
5,-155,64.3036,6.99315,60.1283,13.5191
10,-155,63.9128,-10.0871,59.7142,-8.74155
15,-155,60.6504,-49.7595,57.9351,-52.5908
20,-155,63.0846,-109.023,60.9866,-99.9121
25,-155,66.7961,-129.492,64.1565,-117.928
30,-155,67.6775,-137.812,64.9883,-127.141
35,-155,66.3893,-149.453,64.1303,-141.395
40,-155,64.9842,-174.487,64.0637,-167.366
45,-155,66.2718,162.214,66.5227,174.779
50,-155,67.9567,157.641,68.9352,174.205
55,-155,68.3822,164.246,70.2639,-177.071
60,-155,67.5214,176.009,70.611,-164.091
65,-155,65.554,-170.057,70.2051,-149.559
70,-155,62.5909,-156.118,69.2518,-135.527
75,-155,58.5537,-144.64,67.9224,-124.078
80,-155,52.807,-139.605,66.3587,-117.5
85,-155,42.1177,-160.018,64.6995,-118.103
90,-155,44.3524,75.7713,63.1403,-127.722
0,-150,59.7039,28.4406,58.0352,38.2912
5,-150,63.6992,7.15858,61.1783,13.4367
10,-150,63.5689,-8.57878,60.9761,-6.74348
15,-150,60.4205,-41.5436,58.9022,-45.0288
20,-150,61.3849,-102.178,61.0515,-95.6143
25,-150,65.3903,-128.165,64.5296,-117.292
30,-150,66.8693,-137.488,65.8734,-126.626
35,-150,66.1612,-146.222,65.3711,-137.117
40,-150,64.3402,-163.971,64.4623,-157.919
45,-150,63.9736,169.722,65.7209,178.296
50,-150,65.3049,154.598,68.1282,169.354
55,-150,66.0735,152.638,69.8302,172.034
60,-150,65.6587,156.704,70.5862,-179.95
65,-150,64.1241,162.206,70.5668,-170.048
70,-150,61.592,165.603,69.9646,-160.467
75,-150,58.2098,162.375,68.9465,-153.067
80,-150,54.5853,145.439,67.6597,-149.635
85,-150,52.8244,112.631,66.2516,-151.815
90,-150,53.7514,81.1024,64.8979,-160.77
0,-145,59.0307,27.6787,58.8662,37.3503
5,-145,62.9639,7.36597,62.0179,13.6332
10,-145,63.1145,-7.03337,62.0575,-4.64188
15,-145,60.3062,-33.4176,59.9406,-36.6823
20,-145,59.5008,-91.028,60.8213,-88.0426
25,-145,63.4946,-125.209,64.4405,-115.12
30,-145,65.6275,-136.965,66.3447,-125.791
35,-145,65.6419,-144.406,66.4144,-133.946
40,-145,64.1479,-155.626,65.3675,-147.943
45,-145,62.4296,-176.137,65.066,-170.929
50,-145,62.2566,160.747,66.7011,170.859
55,-145,62.8813,147.481,68.5942,165.288
60,-145,62.8754,142.108,69.7663,167.255
65,-145,61.9298,138.813,70.1756,172.248
70,-145,60.2233,132.933,69.9721,177.61
75,-145,58.2642,120.606,69.3123,-178.49
80,-145,56.9572,101.06,68.3371,-177.521
85,-145,56.828,79.4929,67.1797,179.331
90,-145,57.3132,60.2402,65.9759,171.319
0,-140,58.2306,26.7761,59.5656,36.5615
5,-140,62.0759,7.58473,62.6793,14.0575
10,-140,62.5127,-5.528,62.9737,-2.49281
15,-140,60.2214,-26.1277,61.06,-28.4163
20,-140,57.8325,-74.5706,60.5204,-76.3056
25,-140,60.99,-119.06,63.8534,-110.514
30,-140,63.7723,-135.584,66.3105,-124.168
35,-140,64.5771,-143.575,67.056,-131.734
40,-140,63.8303,-151.227,66.4711,-140.68
45,-140,62.067,-163.196,65.3879,-156.348
50,-140,60.22,178.005,65.3471,-177.466
55,-140,59.2515,156.646,66.6471,167.179
60,-140,58.8327,139.22,68.0122,160.988
65,-140,58.1922,124.763,68.817,160.059
70,-140,57.2723,108.946,69.022,160.988
75,-140,56.6198,89.6085,68.7323,161.634
80,-140,56.7183,69.2984,68.0673,160.571
85,-140,57.3173,51.533,67.1367,156.827
90,-140,57.8866,36.2836,66.0392,149.85
0,-135,57.2787,25.6717,60.1527,35.8812
5,-135,61.0055,7.76973,63.1831,14.6812
10,-135,61.7183,-4.13186,63.7277,-0.327838
15,-135,60.037,-20.0729,62.1994,-20.9031
20,-135,56.946,-55.0322,60.5451,-60.5995
25,-135,57.8891,-106.41,62.7915,-101.721
30,-135,61.068,-131.779,65.6628,-120.731
35,-135,62.6899,-142.711,67.1037,-129.658
40,-135,62.8157,-149.814,67.235,-136.419
45,-135,61.8092,-157.203,66.4385,-145.441
50,-135,59.9957,-167.15,65.3887,-159.694
55,-135,57.7094,178.973,65.0547,-177.649
60,-135,55.2347,160.549,65.6506,167.435
65,-135,52.7794,136.279,66.4452,158.537
70,-135,51.0469,103.568,66.9183,153.73
75,-135,51.3753,68.0122,66.9474,150.561
80,-135,53.1227,41.6794,66.566,147.333
85,-135,54.7666,24.1294,65.8432,143.008
90,-135,55.8225,10.5215,64.8468,137.06
0,-130,56.1391,24.2665,60.6413,35.2802
5,-130,59.7116,7.84827,63.5423,15.4903
10,-130,60.6742,-2.91728,64.3152,1.84717
15,-130,59.6152,-15.3328,63.2648,-14.4418
20,-130,56.8427,-37.8813,61.2213,-43.6335
25,-130,54.9431,-82.5595,61.5481,-86.0924
30,-130,57.2565,-121.786,64.3055,-113.467
35,-130,59.6061,-139.786,66.3699,-126.213
40,-130,60.6232,-149.329,67.2562,-133.448
45,-130,60.5377,-156.303,67.1767,-139.667
50,-130,59.605,-162.837,66.4257,-147.415
55,-130,57.9749,-169.739,65.401,-158.228
60,-130,55.6476,-177.269,64.5925,-171.784
65,-130,52.3633,174.177,64.2737,174.604
70,-130,47.2449,162.183,64.2637,163.507
75,-130,37.2013,121.823,64.2249,155.265
80,-130,41.5007,11.2289,63.9558,148.905
85,-130,47.4557,-9.01788,63.3961,143.419
90,-130,50.1521,-20.104,62.5594,138.195
0,-125,54.758,22.3881,61.0418,34.7377
5,-125,58.1338,7.69188,63.7652,16.4809
10,-125,59.3042,-1.98568,64.7274,4.05132
15,-125,58.8207,-11.8319,64.166,-9.00471
20,-125,56.8558,-26.0354,62.406,-29.0069
25,-125,53.8996,-52.6035,61.0057,-62.9968
30,-125,52.7935,-95.8406,62.3722,-98.3633
35,-125,54.7812,-129.081,64.6872,-118.59
40,-125,56.6102,-146.356,66.247,-129.145
45,-125,57.4522,-156.791,66.9205,-135.832
50,-125,57.4712,-164.567,66.8825,-141.486
55,-125,56.8443,-171.111,66.3329,-147.567
60,-125,55.6675,-176.816,65.4803,-154.86
65,-125,53.9433,178.377,64.5352,-163.486
70,-125,51.5762,174.804,63.6615,-172.867
75,-125,48.3439,173.329,62.9164,177.956
80,-125,43.8074,176.833,62.2551,169.746
85,-125,37.5231,-161.8,61.6018,162.77
90,-125,35.5345,-103.391,60.9133,156.924
0,-120,53.051,19.7072,61.3618,34.2383
5,-120,56.1779,7.04843,63.8563,17.6577
10,-120,57.4968,-1.52886,64.9526,6.32769
15,-120,57.5033,-9.51912,64.8324,-4.37965
20,-120,56.3797,-18.8817,63.6553,-18.0515
25,-120,54.1971,-32.2186,61.8653,-39.5546
30,-120,51.2252,-54.5807,60.9772,-71.2183
35,-120,49.0327,-91.0775,62.1842,-100.738
40,-120,49.5902,-128.252,63.9867,-118.861
45,-120,51.1227,-152.109,65.2828,-129.421
50,-120,52.1691,-167.373,65.937,-136.431
55,-120,52.6005,-178.665,66.0552,-142.009
60,-120,52.5175,172.064,65.7682,-147.208
65,-120,52.0068,163.973,65.1993,-152.576
70,-120,51.1171,156.586,64.4576,-158.337
75,-120,49.8779,149.468,63.633,-164.487
80,-120,48.3188,142.088,62.7896,-170.889
85,-120,46.4894,133.696,61.9651,-177.387
90,-120,44.4835,123.175,61.1765,176.093
0,-115,50.8777,15.5142,61.6071,33.7705
5,-115,53.6841,5.35338,63.8178,19.0334
10,-115,55.0706,-1.99718,64.9772,8.7439
15,-115,55.4541,-8.58718,65.2109,-0.279379
20,-115,55.0243,-15.2664,64.6266,-10.0742
25,-115,53.8645,-22.5872,63.3591,-22.802
30,-115,51.987,-31.1607,61.7427,-41.3385
35,-115,49.3106,-41.8102,60.6827,-66.7382
40,-115,45.5974,-56.6074,61.0051,-92.6996
45,-115,40.4238,-83.1292,62.1332,-111.891
50,-115,36.3692,-144.871,63.1847,-124.489
55,-115,39.9245,161.156,63.8485,-133.133
60,-115,43.3716,138.211,64.1103,-139.706
65,-115,45.4967,124.277,64.0313,-145.28
70,-115,46.7893,113.517,63.6852,-150.478
75,-115,47.5484,103.953,63.1349,-155.651
80,-115,47.9584,94.7301,62.4329,-161.018
85,-115,48.1507,85.3655,61.6204,-166.713
90,-115,48.229,75.5632,60.7272,-172.827
0,-110,47.9966,7.99618,61.7815,33.3247
5,-110,50.3539,1.08162,63.6505,20.6287
10,-110,51.6845,-4.69034,64.7856,11.3961
15,-110,52.2992,-10.0476,65.2588,3.61176
20,-110,52.3623,-15.1854,65.1455,-3.90792
25,-110,51.9694,-20.0432,64.5189,-12.0782
30,-110,51.1816,-24.3886,63.4471,-21.9667
35,-110,50.0231,-27.6474,62.0883,-34.6959
40,-110,48.5019,-28.9224,60.746,-51.1069
45,-110,46.6415,-26.7148,59.8518,-70.4099
50,-110,44.6155,-18.6726,59.6363,-89.4933
55,-110,43.067,-2.80146,59.875,-105.433
60,-110,42.9772,17.0427,60.1941,-117.666
65,-110,44.2022,32.0525,60.3665,-127.034
70,-110,45.7453,39.8396,60.3114,-134.525
75,-110,47.0917,42.5954,60.019,-140.88
80,-110,48.1393,42.295,59.5049,-146.6
85,-110,48.9133,40.0494,58.7909,-152.01
90,-110,49.4618,36.4467,57.9001,-157.31
0,-105,44.0881,-8.6165,61.888,32.893
5,-105,45.6227,-11.2574,63.3536,22.473
10,-105,46.6156,-14.7291,64.3599,14.419
15,-105,47.2115,-18.6581,64.935,7.64362
20,-105,47.5065,-22.7091,65.121,1.4867
25,-105,47.5597,-26.5506,64.9664,-4.47415
30,-105,47.4234,-29.7849,64.4987,-10.6475
35,-105,47.1229,-31.9322,63.765,-17.3246
40,-105,46.6926,-32.5416,62.818,-24.7866
45,-105,46.1818,-31.2088,61.7254,-33.2546
50,-105,45.6734,-27.6907,60.5723,-42.8155
55,-105,45.2863,-22.1111,59.4521,-53.3202
60,-105,45.1409,-15.1696,58.4434,-64.3268
65,-105,45.2891,-8.05382,57.5808,-75.1918
70,-105,45.6771,-1.92815,56.8448,-85.3
75,-105,46.1862,2.54553,56.1817,-94.2633
80,-105,46.701,5.24454,55.5354,-101.96
85,-105,47.1423,6.35172,54.8701,-108.454
90,-105,47.4657,6.15169,54.1793,-113.895
0,-100,40.5297,-51.1012,61.9282,32.4687
5,-100,40.2871,-55.2426,62.9259,24.6056
10,-100,40.1051,-60.2613,63.6804,18.0048
15,-100,40.0191,-65.7455,64.1933,12.253
20,-100,40.0317,-71.1339,64.4775,7.05861
25,-100,40.1109,-76.0904,64.5586,2.23339
30,-100,40.2027,-80.0806,64.444,-2.4128
35,-100,40.2377,-82.9607,64.1559,-6.97465
40,-100,40.1732,-84.6152,63.7148,-11.5407
45,-100,39.9836,-85.0065,63.1418,-16.179
50,-100,39.664,-84.1329,62.4586,-20.9404
55,-100,39.232,-82.0124,61.687,-25.8607
60,-100,38.7251,-78.7048,60.8486,-30.9637
65,-100,38.196,-74.3662,59.9645,-36.2658
70,-100,37.6987,-69.3114,59.0551,-41.782
75,-100,37.2677,-64.0257,58.1402,-47.5338
80,-100,36.8981,-59.0792,57.2402,-53.5563
85,-100,36.5398,-54.974,56.377,-59.903
90,-100,36.1066,-52.0264,55.5764,-66.6427
0,-95,43.1116,-100.193,61.9025,32.045
5,-95,43.2755,-111.233,62.3657,27.0777
10,-95,43.6355,-121.19,62.7253,22.4405
15,-95,44.1009,-129.693,62.9762,18.0871
20,-95,44.5859,-136.719,63.1171,13.9681
25,-95,45.0499,-142.498,63.1576,10.0372
30,-95,45.4464,-147.217,63.0918,6.23747
35,-95,45.7668,-151.134,62.9244,2.54544
40,-95,46.0077,-154.425,62.6602,-1.07727
45,-95,46.1726,-157.244,62.3047,-4.66982
50,-95,46.27,-159.724,61.8632,-8.2741
55,-95,46.3105,-161.974,61.3405,-11.9369
60,-95,46.3054,-164.083,60.7414,-15.7126
65,-95,46.2653,-166.12,60.0704,-19.6674
70,-95,46.1997,-168.144,59.3323,-23.883
75,-95,46.1168,-170.206,58.5334,-28.4612
80,-95,46.0237,-172.352,57.6831,-33.527
85,-95,45.9269,-174.624,56.7967,-39.2264
90,-95,45.8323,-177.055,55.8987,-45.7148
0,-90,47.2329,-120.638,61.8107,31.6155
5,-90,47.5534,-127.485,61.6719,29.9545
10,-90,47.8778,-133.874,61.4751,28.1721
15,-90,48.1907,-139.783,61.2197,26.2818
20,-90,48.478,-145.227,60.9056,24.2916
25,-90,48.7402,-150.291,60.5411,22.1727
30,-90,48.9694,-154.966,60.1254,19.9368
35,-90,49.1652,-159.312,59.6567,17.5934
40,-90,49.3279,-163.353,59.1377,15.1321
45,-90,49.459,-167.112,58.5704,12.5368
50,-90,49.5613,-170.616,57.9567,9.78419
55,-90,49.6383,-173.887,57.2981,6.84376
60,-90,49.6929,-176.943,56.596,3.67697
65,-90,49.7273,-179.8,55.852,0.235434
70,-90,49.7424,177.529,55.0683,-3.54226
75,-90,49.7384,175.027,54.2489,-7.73459
80,-90,49.7144,172.681,53.4009,-12.4402
85,-90,49.6695,170.476,52.5368,-17.7761
90,-90,49.6021,168.399,51.6779,-23.8645
0,-85,50.3155,-129.405,61.6514,31.1735
5,-85,50.272,-131.581,60.8464,33.3088
10,-85,50.1247,-134.005,59.9253,35.942
15,-85,49.8951,-136.833,58.9067,39.1047
20,-85,49.5958,-140.059,57.8159,42.8711
25,-85,49.2254,-143.567,56.6756,47.3853
30,-85,48.8184,-147.523,55.5413,52.5165
35,-85,48.3874,-151.811,54.4488,58.2073
40,-85,47.9549,-156.4,53.4431,64.1637
45,-85,47.5437,-161.236,52.549,69.957
50,-85,47.1742,-166.237,51.761,75.1176
55,-85,46.8613,-171.306,51.0472,79.2431
60,-85,46.6137,-176.34,50.3614,82.0543
65,-85,46.4365,178.915,49.6652,83.4021
70,-85,46.3251,174.486,48.9488,83.1629
75,-85,46.2591,170.437,48.1779,81.138
80,-85,46.2295,166.767,47.3562,77.1944
85,-85,46.2302,163.465,46.5143,71.177
90,-85,46.2577,160.518,45.7165,62.9625
0,-80,52.6192,-134.108,61.422,30.7112
5,-80,52.0383,-131.583,59.886,37.2623
10,-80,51.2454,-129.042,58.1266,46.8333
15,-80,50.2404,-126.495,56.3674,60.5945
20,-80,49.0153,-123.796,55.0711,78.6528
25,-80,47.5542,-120.64,54.68,98.0364
30,-80,45.8575,-116.889,55.0671,114.213
35,-80,43.9223,-112.043,55.7265,125.598
40,-80,41.7714,-105.53,56.3048,132.964
45,-80,39.4759,-96.5746,56.6681,137.488
50,-80,37.2036,-84.3577,56.7923,140.029
55,-80,35.2518,-68.6809,56.691,141.113
60,-80,33.9284,-50.9843,56.3874,141.031
65,-80,33.3563,-34.6589,55.9157,139.911
70,-80,33.1943,-21.1537,55.293,137.796
75,-80,33.0986,-10.5614,54.539,134.617
80,-80,32.8845,-1.61361,53.6766,130.255
85,-80,32.4971,7.16535,52.732,124.529
90,-80,31.9799,17.2888,51.7409,117.197
0,-75,54.4142,-137.039,61.1189,30.2197
5,-75,53.2188,-129.565,58.799,41.9217
10,-75,51.7156,-120.081,56.2892,62.2703
15,-75,50.0159,-107.578,54.9827,92.463
20,-75,48.4036,-91.061,55.8378,120.388
25,-75,47.3579,-71.1429,57.4187,137.637
30,-75,47.1736,-51.4987,58.6749,147.388
35,-75,47.596,-35.7304,59.4278,153.125
40,-75,48.1745,-24.603,59.7281,156.601
45,-75,48.6511,-17.1579,59.6549,158.648
50,-75,48.9493,-12.303,59.2794,159.665
55,-75,49.0748,-9.23697,58.6626,159.83
60,-75,49.0599,-7.41077,57.8572,159.2
65,-75,48.9456,-6.57843,56.924,157.719
70,-75,48.7694,-6.35325,55.9027,155.403
75,-75,48.54,-6.58723,54.8437,152.079
80,-75,48.2711,-7.08019,53.7939,147.623
85,-75,47.9675,-7.62527,52.7942,141.923
90,-75,47.626,-8.00175,51.8801,134.873
0,-70,55.8583,-139.058,60.7367,29.6878
5,-70,54.0126,-126.203,57.597,47.419
10,-70,51.9263,-107.084,54.9007,82.6609
15,-70,50.4743,-80.5238,55.8147,122.669
20,-70,50.5442,-53.0189,58.1875,144.789
25,-70,51.5373,-32.6824,59.8417,155.87
30,-70,52.4886,-19.5803,60.6444,162.305
35,-70,53.0599,-11.0615,60.7518,166.577
40,-70,53.2306,-5.33482,60.2936,169.683
45,-70,53.067,-1.44927,59.3628,172.061
50,-70,52.652,1.08984,58.0311,173.905
55,-70,52.0686,2.55897,56.3608,175.271
60,-70,51.3948,3.14026,54.4159,176.108
65,-70,50.7024,2.91743,52.2987,176.204
70,-70,50.057,2.08498,50.1223,175.455
75,-70,49.4895,0.741246,48.0657,173.273
80,-70,49.0246,-0.941948,46.3486,169.2
85,-70,48.6688,-2.7592,45.1769,163.131
90,-70,48.4125,-4.48214,44.6421,155.506
0,-65,57.0456,-140.549,60.2682,29.1012
5,-65,54.5447,-121.775,56.2997,53.8838
10,-65,52.3096,-90.6182,54.4755,104.865
15,-65,52.3977,-54.3012,57.4121,142.114
20,-65,53.9552,-29.4182,59.8409,158.006
25,-65,55.1718,-14.7999,60.9382,166.511
30,-65,55.6469,-5.34902,60.9635,172.387
35,-65,55.4384,1.52966,60.0905,177.334
40,-65,54.652,6.97079,58.3801,-177.767
45,-65,53.3851,11.4803,55.7962,-172.043
50,-65,51.7265,15.2686,52.1851,-163.835
55,-65,49.7653,18.3829,47.2876,-148.28
60,-65,47.5996,20.7465,42.0038,-110.414
65,-65,45.3531,22.1101,42.0157,-60.2745
70,-65,43.1875,22.1181,44.1959,-38.9743
75,-65,41.2807,20.2249,45.1585,-32.3549
80,-65,39.8568,16.1287,45.0433,-32.0395
85,-65,39.1151,10.243,44.0866,-36.1383
90,-65,39.1131,3.83442,42.3939,-45.1441
0,-60,58.0352,-141.709,59.7039,28.4406
5,-60,54.9062,-116.442,54.9367,61.4104
10,-60,53.1965,-73.0056,54.8846,123.836
15,-60,54.9049,-35.883,58.6572,154
20,-60,56.7011,-16.007,60.6125,166.601
25,-60,57.3712,-3.96064,60.9251,174.591
30,-60,56.9619,5.13677,59.8749,-178.423
35,-60,55.5656,13.4127,57.4359,-170.416
40,-60,53.2036,22.2641,53.2271,-157.689
45,-60,49.7925,33.6458,46.6965,-123.792
50,-60,45.2196,52.4189,46.1384,-49.1467
55,-60,40.5618,90.8493,50.4259,-19.7461
60,-60,40.4037,139.54,52.5591,-9.74099
65,-60,42.4376,164.703,53.3202,-5.38858
70,-60,43.725,176.294,53.2636,-3.93646
75,-60,44.2676,-177.394,52.6802,-4.68227
80,-60,44.3096,-173.468,51.7541,-7.58055
85,-60,43.9944,-170.655,50.6134,-12.8324
90,-60,43.3792,-168.163,49.3515,-20.8075
0,-55,58.8662,-142.65,59.0307,27.6787
5,-55,55.1703,-110.361,53.5455,70.0073
10,-55,54.5573,-57.2476,55.545,137.766
15,-55,57.1535,-23.8697,59.3488,161.951
20,-55,58.5803,-7,60.6392,173.17
25,-55,58.4162,4.79309,59.9566,-178.053
30,-55,56.7692,15.9679,57.3249,-167.849
35,-55,53.5068,30.1981,51.9615,-148.665
40,-55,48.3711,56.752,45.5913,-77.2413
45,-55,44.7758,117.164,51.2256,-18.1716
50,-55,47.7293,163.111,54.593,-2.32661
55,-55,50.0358,-178.628,55.7992,5.55811
60,-55,50.9917,-169.039,55.7798,10.5361
65,-55,51.1281,-163.032,54.9693,13.5171
70,-55,50.8274,-159.061,53.6428,14.6095
75,-55,50.3267,-156.506,52.0396,13.5898
80,-55,49.781,-155.012,50.399,10.123
85,-55,49.2749,-154.292,48.9581,4.00517
90,-55,48.8341,-154.052,47.8965,-4.69535
0,-50,59.5656,-143.439,58.2306,26.7761
5,-50,55.3959,-103.737,52.1626,79.5444
10,-50,56.1033,-44.7867,56.0559,147.649
15,-50,58.9316,-15.5614,59.5252,167.801
20,-50,59.7345,0.116195,60.0308,178.774
25,-50,58.5026,13.4155,58.0568,-170.389
30,-50,55.1001,30.4777,52.8556,-151.495
35,-50,49.2163,67.7555,45.7023,-71.9793
40,-50,48.4888,143.173,52.6193,-10.1794
45,-50,52.3593,177.924,55.975,5.85994
50,-50,54.0409,-166.736,56.8163,15.3129
55,-50,54.1964,-156.733,56.1251,22.6957
60,-50,53.411,-149.113,54.2667,28.9443
65,-50,52.0475,-143.083,51.3866,34.1596
70,-50,50.4288,-138.42,47.5172,38.1543
75,-50,48.8407,-135.162,42.7159,40.1821
80,-50,47.5366,-133.426,37.3745,37.6277
85,-50,46.6864,-133.259,33.3969,25.2629
90,-50,46.3356,-134.456,33.7686,8.84197
0,-45,60.1527,-144.119,57.2787,25.6717
5,-45,55.626,-96.8423,50.8057,89.7437
10,-45,57.5856,-35.4144,56.2635,154.844
15,-45,60.264,-9.33375,59.2465,172.418
20,-45,60.3024,6.43959,58.851,-176.103
25,-45,57.7269,23.264,55.1225,-161.271
30,-45,51.963,56.4247,46.0637,-108.885
35,-45,49.9413,139.868,51.4895,-12.1098
40,-45,54.5237,-179.168,55.9788,8.73075
45,-45,56.2496,-161.483,56.9837,20.6912
50,-45,55.9357,-148.729,55.8479,31.1267
55,-45,54.1587,-137.285,52.743,42.1751
60,-45,51.1625,-125.591,46.941,58.1893
65,-45,47.0327,-111.632,36.9246,118.068
70,-45,42.0232,-91.0583,42.1935,-158.216
75,-45,37.5545,-58.355,45.789,-143.355
80,-45,35.8289,-25.9939,46.6471,-139.396
85,-45,35.0372,-11.6174,46.0414,-140.614
90,-45,33.1496,-14.6843,44.3184,-146.501
0,-40,60.6413,-144.72,56.1391,24.2665
5,-40,55.8834,-89.9903,49.4525,100.268
10,-40,58.8864,-28.3877,56.1225,160.317
15,-40,61.2225,-4.34365,58.5555,176.214
20,-40,60.3922,12.522,57.1252,-171.246
25,-40,56.1403,36.1524,50.8595,-148.144
30,-40,50.0003,107.888,46.9176,-31.9217
35,-40,54.9634,174.956,54.641,6.45267
40,-40,57.6284,-161.871,56.6823,21.4805
45,-40,57.4138,-145.693,55.711,34.5881
50,-40,54.9738,-129.559,51.838,50.2904
55,-40,50.1398,-107.53,42.8606,88.4207
60,-40,43.297,-55.8675,44.5153,-157.609
65,-40,44.7418,16.5987,50.0601,-132.576
70,-40,47.8143,42.3639,51.887,-121.967
75,-40,48.9697,53.5005,52.0543,-116.177
80,-40,49.1048,59.2419,51.2999,-114.368
85,-40,48.7054,61.9697,50.0141,-116.967
90,-40,47.9617,62.8323,48.4396,-124.661
0,-35,61.0418,-145.262,54.758,22.3881
5,-35,56.1704,-83.4862,48.0284,110.912
10,-35,59.9735,-23.0395,55.6134,164.676
15,-35,61.8793,-0.157677,57.4709,179.367
20,-35,60.0933,18.6853,54.8422,-166.612
25,-35,53.9191,55.4204,44.8328,-121.838
30,-35,53.1586,153.276,50.8073,-3.38413
35,-35,58.0541,-168.552,55.5471,17.8924
40,-35,58.8562,-148.486,55.7055,32.8609
45,-35,56.6371,-129.014,52.2785,50.211
50,-35,51.0278,-98.8514,42.5509,95.6583
55,-35,45.9013,-14.1213,47.02,-145.074
60,-35,50.93,41.7312,52.3149,-120.925
65,-35,53.2583,62.2832,53.8439,-106.978
70,-35,53.6591,74.7674,53.5837,-96.2399
75,-35,53.1311,83.1595,52.2521,-88.3583
80,-35,52.264,88.2845,50.3196,-84.3123
85,-35,51.4293,90.5247,48.2381,-85.8771
90,-35,50.7873,90.42,46.4779,-94.8377
0,-30,61.3618,-145.762,53.051,19.7072
5,-30,56.4721,-77.576,46.4047,121.864
10,-30,60.853,-18.9,54.7044,168.325
15,-30,62.2984,3.44338,55.9809,-178.094
20,-30,59.4907,25.1309,51.9396,-162.39
25,-30,51.9822,85.3767,40.5137,-59.1977
30,-30,56.5301,174.87,52.3661,9.77103
35,-30,59.7191,-157.101,55.0658,27.1024
40,-30,58.8273,-135.751,53.3373,43.9037
45,-30,54.0559,-106.562,45.7295,74.1658
50,-30,47.7473,-21.1522,45.0157,-148.823
55,-30,53.4549,45.9317,52.2618,-116.699
60,-30,55.9869,70.8209,54.2274,-98.5769
65,-30,56.0364,88.3619,53.7984,-82.1736
70,-30,54.6843,102.885,51.7575,-65.7161
75,-30,52.6262,114.883,48.5359,-48.0789
80,-30,50.5311,123.448,44.7885,-29.1427
85,-30,49.0206,127.008,41.4327,-14.7413
90,-30,48.4187,125.006,38.7037,-18.6152
0,-25,61.6071,-146.23,50.8777,15.5142
5,-25,56.7645,-72.4204,44.4046,134.111
10,-25,61.5441,-15.6623,53.3255,171.587
15,-25,62.5366,6.55928,54.0261,-176.285
20,-25,58.6774,31.9516,48.2562,-159.295
25,-25,52.1179,120.342,42.9728,-11.9482
30,-25,58.7677,-172.931,52.4067,18.831
35,-25,60.4808,-147.65,53.5283,35.0556
40,-25,57.8503,-122.251,49.5082,54.9729
45,-25,50.3188,-65.6478,36.9906,161.103
50,-25,53.4461,35.6854,49.9571,-119.484
55,-25,57.42,70.0314,53.5153,-97.446
60,-25,57.8199,93.3516,53.5751,-76.9249
65,-25,56.015,115.577,51.2612,-52.9944
70,-25,52.6331,140.462,47.1203,-17.3122
75,-25,48.6629,171.638,44.6663,38.8174
80,-25,45.9559,-155.932,46.109,77.5599
85,-25,44.479,-139.077,46.7752,90.2467
90,-25,42.7914,-144.339,45.7373,87.5013
0,-20,61.7815,-146.675,47.9966,7.99618
5,-20,57.0211,-68.0977,41.8432,150.459
10,-20,62.0684,-13.13,51.3236,174.847
15,-20,62.6441,9.21861,51.4543,-175.553
20,-20,57.7622,39.0689,43.3869,-159.856
25,-20,53.858,145.54,44.4043,8.81637
30,-20,60.1759,-164.627,51.2997,26.3301
35,-20,60.6614,-139.374,51.019,41.7211
40,-20,56.1817,-106.771,43.6351,65.6467
45,-20,50.6404,-5.46216,43.1001,-129.946
50,-20,57.3133,58.7739,51.152,-101.975
55,-20,59.2174,88.225,52.7625,-80.0612
60,-20,57.9288,115.834,51.12,-54.2467
65,-20,54.2288,151.212,46.7003,-11.9985
70,-20,50.4645,-151.391,45.4235,65.02
75,-20,51.3214,-97.1653,49.3099,109.247
80,-20,52.5225,-71.7194,51.3021,126.727
85,-20,52.2167,-61.5898,51.5635,131.486
90,-20,50.56,-60.4085,50.5819,125.537
0,-15,61.888,-147.107,44.0881,-8.6165
5,-15,57.2179,-64.6267,38.962,177.988
10,-15,62.4455,-11.1782,48.3466,178.919
15,-15,62.6652,11.407,47.8826,-176.911
20,-15,56.8677,46.1224,36.4683,-176.43
25,-15,55.5764,160.265,44.0393,24.4498
30,-15,61.0352,-158.522,49.0469,33.4732
35,-15,60.4994,-132.151,47.3712,46.2673
40,-15,54.2175,-88.2439,32.6199,68.2978
45,-15,54.1157,28.7422,45.2753,-106.71
50,-15,59.4041,73.4582,50.3576,-86.8878
55,-15,59.8696,104.044,50.5334,-64.0117
60,-15,57.0894,140.064,46.9972,-30.4522
65,-15,52.9307,-158.189,42.5241,51.1532
70,-15,54.4948,-88.6586,48.1551,119.249
75,-15,56.9429,-54.1542,51.7681,145.416
80,-15,57.5689,-36.1081,53.1499,158.686
85,-15,56.8555,-27.3546,53.1372,161.993
90,-15,55.2027,-25.4527,52.1552,154.589
0,-10,61.9282,-147.531,40.5297,-51.1012
5,-10,57.3352,-61.9924,38.2741,-138.69
10,-10,62.6913,-9.72741,43.4013,-173.044
15,-10,62.6372,13.0875,42.1576,175.149
20,-10,56.1107,52.3963,33.7593,114.828
25,-10,56.7883,168.867,42.3172,44.1018
30,-10,61.5323,-154.048,45.1637,42.4522
35,-10,60.1966,-126.207,41.774,45.497
40,-10,52.6079,-67.6301,31.0862,-59.4722
45,-10,56.5311,45.084,44.779,-85.9167
50,-10,60.5195,84.0474,47.9275,-71.5097
55,-10,59.949,117.508,46.7459,-49.9761
60,-10,56.1064,165.282,40.2718,-8.06054
65,-10,54.6309,-112.502,41.3019,114.929
70,-10,58.2898,-58.2175,48.459,153.925
75,-10,60.146,-29.5768,51.4856,174.018
80,-10,60.2656,-11.7216,52.579,-174.141
85,-10,59.2146,-1.91375,52.4585,-171.66
90,-10,57.3916,0.934255,51.503,179.508
0,-5,61.9025,-147.955,43.1116,-100.193
5,-5,57.3576,-60.169,41.1704,-104.748
10,-5,62.8173,-8.72662,33.2509,-125.952
15,-5,62.5891,14.2192,32.5127,108.05
20,-5,55.5754,56.925,39.303,85.4865
25,-5,57.4868,173.807,40.5055,77.3071
30,-5,61.7895,-151.025,37.7371,67.0039
35,-5,59.9253,-121.969,30.8307,7.39161
40,-5,51.8202,-50.2748,38.772,-54.8284
45,-5,57.843,53.8094,43.0855,-56.5449
50,-5,61.0831,91.1895,43.5546,-48.824
55,-5,59.8576,127.419,39.9609,-38.2827
60,-5,55.6244,-173.838,17.2935,-83.5151
65,-5,56.6708,-88.04,40.6759,178.804
70,-5,60.361,-41.5489,46.1982,-167.159
75,-5,61.8216,-13.6159,48.5166,-153.877
80,-5,61.6548,5.45965,49.2641,-145.28
85,-5,60.3734,16.8857,48.9722,-145.271
90,-5,58.3636,21.0858,47.9907,-157.004
0,0,61.8107,-148.384,47.2329,-120.638
5,0,57.2732,-59.1344,44.4334,-88.0478
10,0,62.83,-8.1432,40.8019,-30.1077
15,0,62.5398,14.7725,41.7102,35.8408
20,0,55.3047,58.8224,42.988,79.2391
25,0,57.7216,176.144,41.7698,116.882
30,0,61.8784,-149.404,37.3044,170.457
35,0,59.8099,-119.864,37.6247,-93.684
40,0,51.595,-42.3115,42.3208,-44.7464
45,0,58.3275,57.7601,43.1665,-16.0282
50,0,61.3174,94.7837,39.5862,10.0494
55,0,59.8531,132.24,23.5209,105.511
60,0,55.5673,-164.29,39.7899,-147.38
65,0,57.4782,-78.6739,44.4872,-124.777
70,0,61.0919,-33.8844,45.9015,-106.086
75,0,62.414,-5.57267,45.6813,-90.5144
80,0,62.1232,14.493,44.4205,-80.5271
85,0,60.7093,27.1382,42.3047,-80.5493
90,0,58.5694,32.6201,39.4637,-96.1947
0,5,61.6514,-148.827,50.3155,-129.405
5,5,57.0761,-58.8692,47.0524,-79.8185
10,5,62.7285,-7.93934,47.1481,-18.8082
15,5,62.492,14.7717,47.3697,25.6649
20,5,55.3182,57.7062,45.5975,75.736
25,5,57.5158,176.241,44.9266,138.777
30,5,61.8286,-149.173,45.1399,-165.711
35,5,59.9029,-120.104,44.1639,-106.967
40,5,51.5956,-46.1163,44.7557,-40.5411
45,5,58.0887,57.6565,45.9711,11.2466
50,5,61.3,94.7498,44.6455,58.5988
55,5,60.0284,131.237,41.7397,131.638
60,5,55.6825,-168.998,45.2072,-149.261
65,5,56.8631,-81.4273,48.8316,-105.335
70,5,60.6124,-34.4612,50.3625,-72.8295
75,5,62.0337,-5.70062,50.6016,-45.4479
80,5,61.7645,14.5183,50.0857,-24.5051
85,5,60.3137,27.4416,48.943,-13.5364
90,5,58.1073,33.6238,47.0856,-15.2181
0,10,61.422,-149.289,52.6192,-134.108
5,10,56.7536,-59.4118,49.1002,-75.7234
10,10,62.5137,-8.14365,50.7711,-15.8951
15,10,62.449,14.1711,50.8687,21.2524
20,10,55.6255,53.7472,47.7365,70.9464
25,10,56.8257,173.956,47.5206,146.538
30,10,61.6124,-150.288,49.364,-162.144
35,10,60.1712,-122.471,48.1506,-114.827
40,10,52.1242,-60.7638,46.5887,-44.9586
45,10,57.0281,53.2011,48.601,19.6661
50,10,60.9697,91.2325,49.2239,67.3922
55,10,60.3178,125.069,47.5517,123.064
60,10,56.2596,174.18,47.8971,-162.97
65,10,54.8563,-99.2593,51.1546,-107.576
70,10,58.7572,-43.8858,53.3473,-70.3856
75,10,60.5587,-13.8921,54.2833,-42.0459
80,10,60.4855,5.99784,54.3484,-21.9074
85,10,59.1107,18.5282,53.6858,-12.1942
90,10,56.8932,25.1182,52.318,-14.8568
0,15,61.1189,-149.78,54.4142,-137.039
5,15,56.3015,-60.7878,50.7176,-74.0798
10,15,62.1728,-8.72902,53.2171,-15.2752
15,15,62.3882,13.059,53.4228,17.9537
20,15,56.212,47.8437,49.7187,64.1351
25,15,55.5645,168.564,49.2402,146.414
30,15,61.1652,-152.722,52.0566,-163.434
35,15,60.5031,-126.533,51.2095,-122.885
40,15,53.6267,-80.4301,48.2559,-58.7407
45,15,54.8257,42.5381,50.1143,16.0163
50,15,60.1198,84.5041,52.0583,63.6824
55,15,60.4799,115.282,51.3269,109.042
60,15,57.465,152.317,49.906,170.455
65,15,52.8327,-141.079,51.7252,-126.012
70,15,54.9229,-66.2511,54.2934,-83.8859
75,15,57.4694,-30.168,55.7099,-55.427
80,15,57.8614,-9.4731,56.0823,-36.677
85,15,56.6997,3.22908,55.6115,-28.1456
90,15,54.4935,11.2253,54.4081,-31.1112
0,20,60.7367,-150.312,55.8583,-139.058
5,20,55.7153,-63.0664,52.0117,-74.162
10,20,61.6896,-9.70073,54.985,-15.8269
15,20,62.28,11.5011,55.4426,14.8287
20,20,57.0015,41.085,51.7057,55.7212
25,20,53.6022,157.969,50.2114,140.182
30,20,60.3657,-156.511,53.8133,-167.474
35,20,60.7277,-131.796,53.7122,-131.551
40,20,55.7209,-98.215,50.3493,-79.3319
45,20,50.9966,17.3848,50.5082,1.65798
50,20,58.3486,74.432,53.5366,53.3743
55,20,60.122,103.28,53.9735,92.4696
60,20,58.6366,131.523,52.4127,137.926
65,20,54.3896,168.282,51.6268,-162.857
70,20,49.6628,-125.407,53.468,-112.268
75,20,51.1926,-61.7045,55.2274,-80.7215
80,20,52.4815,-32.1959,55.9297,-62.088
85,20,51.7033,-15.4291,55.6645,-54.1664
90,20,49.4121,-1.60334,54.5798,-57.0392
0,25,60.2682,-150.899,57.0456,-140.549
5,25,54.9934,-66.3499,53.0597,-75.6315
10,25,61.041,-11.077,56.2867,-17.23
15,25,62.0845,9.56629,57.0952,11.5996
20,25,57.8629,34.345,53.7384,46.641
25,25,51.0406,136.772,50.6736,127.228
30,25,59.0199,-161.912,54.7886,-173.997
35,25,60.6376,-137.916,55.6838,-140.751
40,25,57.6173,-112.299,52.9994,-100.841
45,25,48.6981,-44.2541,50.3819,-26.9445
50,25,54.8337,58.8313,53.639,36.5037
55,25,58.695,89.6114,55.4362,74.0087
60,25,58.9135,112.929,54.9291,108.162
65,25,56.7897,135.512,53.127,148.963
70,25,52.6086,160.034,52.1879,-162.412
75,25,46.36,-168.355,53.0395,-122.797
80,25,38.9051,-118.193,53.8687,-99.9916
85,25,32.9543,-43.6042,53.8229,-90.6871
90,25,35.4029,47.2549,52.8431,-92.9457
0,30,59.7039,-151.559,58.0352,-141.709
5,30,54.1381,-70.7743,53.9217,-78.3194
10,30,60.1955,-12.8961,57.2249,-19.4081
15,30,61.7528,7.31447,58.4491,8.16198
20,30,58.6485,28.0813,55.7556,37.7602
25,30,49.6353,98.5337,51.187,106.393
30,30,56.8046,-169.853,54.958,176.271
35,30,59.9882,-144.79,57.02,-150.643
40,30,58.8269,-123.809,55.6258,-119.45
45,30,53.0501,-93.0933,51.7508,-67.9817
50,30,47.7343,19.7092,52.2943,7.72313
55,30,55.227,73.0741,55.3735,52.0125
60,30,57.5476,95.5292,56.3335,81.6297
65,30,57.3481,112.847,55.5665,108.984
70,30,55.624,126.893,53.8242,138.365
75,30,52.9521,136.416,52.1345,169.647
80,30,50.0203,138.505,51.2041,-164.223
85,30,47.9024,131.21,50.5449,-150.69
90,30,47.3706,119.214,49.457,-151.61
0,35,59.0307,-152.321,58.8662,-142.65
5,35,53.159,-76.5008,54.6499,-82.126
10,35,59.1109,-15.228,57.8516,-22.4078
15,35,61.2267,4.78705,59.5252,4.44848
20,35,59.2245,22.4042,57.647,29.5518
25,35,51.6163,61.2256,52.6265,80.3885
30,35,53.1185,176.17,54.24,160.928
35,35,58.4491,-152.688,57.5453,-161.874
40,35,59.0736,-133.971,57.6218,-135.357
45,35,56.355,-114.677,54.9374,-102.825
50,35,48.8646,-81.1282,51.4449,-44.3009
55,35,46.6453,39.345,53.3543,19.4004
60,35,53.2113,77.1263,55.8287,53.7714
65,35,55.2306,94.0112,56.5639,76.8061
70,35,55.2967,105.553,56.0368,95.6764
75,35,54.3666,112.919,54.7633,111.818
80,35,53.0228,115.9,53.1968,124.259
85,35,51.694,114.817,51.6788,130.395
90,35,50.576,111.284,50.3891,127.379
0,40,58.2306,-153.224,59.5656,-143.439
5,40,52.0752,-83.693,55.2928,-86.9602
10,40,57.7299,-18.1973,58.1932,-26.379
15,40,60.437,1.99991,60.3176,0.371263
20,40,59.4816,17.2674,59.3013,22.0468
25,40,54.3651,40.0548,55.0948,56.8767
30,40,47.4188,138.666,52.9185,134.06
35,40,55.4351,-162.902,57.0045,-176.198
40,40,58.0555,-143.702,58.6027,-150.285
45,40,57.5693,-128.573,57.6872,-126.84
50,40,54.4834,-113.134,54.6745,-95.9221
55,40,47.511,-90.9003,51.5087,-43.1229
60,40,38.6794,24.1045,52.8162,12.0607
65,40,47.7886,75.4073,54.9507,42.3751
70,40,50.6356,89.1875,55.8393,60.2975
75,40,51.2876,97.1425,55.7577,71.9682
80,40,50.9014,101.795,55.0911,78.6986
85,40,49.9551,104.245,54.1374,80.244
90,40,48.6641,106.064,53.1066,75.995
0,45,57.2787,-154.328,60.1527,-144.119
5,45,50.9156,-92.4699,55.8967,-92.6959
10,45,55.9719,-22.0265,58.2654,-31.5945
15,45,59.2975,-1.06365,60.8036,-4.21899
20,45,59.3146,12.5529,60.6269,15.084
25,45,56.2612,27.8643,57.746,39.4278
30,45,48.1753,64.6215,53.1024,92.0325
35,45,49.467,177.39,55.1208,161.171
40,45,55.159,-154.244,58.2224,-166.761
45,45,56.7455,-139.988,58.9899,-146.044
50,45,56.1242,-128.622,57.9049,-126.436
55,45,53.7588,-118.646,55.3093,-102.456
60,45,49.5361,-110.338,52.0804,-66.6077
65,45,42.3048,-106.099,50.9808,-20.5796
70,45,25.6973,-168.659,52.1795,12.1671
75,45,37.3698,112.705,53.1659,29.314
80,45,40.6365,115.641,53.411,37.283
85,45,41.31,124.113,53.0669,38.8002
90,45,41.2506,136.942,52.3106,34.6496
0,50,56.1391,-155.734,60.6413,-144.72
5,50,49.7115,-102.846,56.5023,-99.1419
10,50,53.7177,-27.135,58.0888,-38.4904
15,50,57.6912,-4.46429,60.9482,-9.58563
20,50,58.6113,8.13978,61.5472,8.35217
25,50,57.1461,19.5973,59.9596,26.6002
30,50,52.7954,34.8162,56.1452,55.5811
35,50,42.9626,85.9537,53.0215,116.554
40,50,48.3873,-171.412,56.0233,169.143
45,50,53.1898,-151.058,58.4188,-165.798
50,50,54.7076,-140.277,59.0456,-148.878
55,50,54.5582,-132.439,58.3461,-133.987
60,50,53.3458,-126.856,56.6481,-118.66
65,50,51.4247,-123.904,54.2735,-101.073
70,50,49.1524,-124.42,51.7738,-79.9821
75,50,47.0112,-128.932,49.9424,-57.4626
80,50,45.5384,-136.342,49.0523,-39.9433
85,50,44.9583,-143.856,48.5625,-31.7493
90,50,45.0175,-149.505,47.9801,-32.9624
0,55,54.758,-157.612,61.0418,-145.262
5,55,48.4761,-114.711,57.1394,-106.037
10,55,50.7767,-34.3972,57.7146,-47.6985
15,55,55.4415,-8.33032,60.7075,-16.2008
20,55,57.2201,3.92961,61.9892,1.42002
25,55,57.0064,13.2752,61.5041,16.2911
30,55,54.9799,22.3811,59.3247,33.8954
35,55,50.5716,33.7573,55.53,63.1419
40,55,40.7445,64.5685,53.0446,117.866
45,55,42.6204,-170.728,55.4041,163.871
50,55,48.8526,-150.407,57.6002,-173.053
55,55,51.0999,-142.089,58.4965,-158.696
60,55,51.7339,-136.891,58.4107,-147.809
65,55,51.507,-133.759,57.6457,-138.763
70,55,50.8091,-132.522,56.4442,-131.091
75,55,49.9077,-133.03,55.0235,-124.884
80,55,48.9867,-134.895,53.5812,-120.665
85,55,48.1324,-137.463,52.2701,-119.281
90,55,47.3241,-139.949,51.1681,-121.642
0,60,53.051,-160.293,61.3618,-145.762
5,60,47.1734,-127.962,57.8212,-113.077
10,60,46.82,-45.985,57.2707,-59.9534
15,60,52.2336,-12.9158,60.0406,-24.9333
20,60,54.892,-0.116894,61.8704,-6.3732
25,60,55.7241,8.12911,62.2847,6.96197
30,60,55.212,14.759,61.4371,19.5583
35,60,53.4714,20.5682,59.3852,34.4654
40,60,50.334,25.7149,56.2129,56.669
45,60,45.0147,29.9246,53.1165,94.7921
50,60,32.8591,28.9768,53.2617,139.58
55,60,35.6887,-134.806,55.1438,167.143
60,60,42.3443,-134.266,56.4305,-177.708
65,60,44.6455,-132.331,56.9403,-168.423
70,60,45.4237,-130.765,56.8722,-162.524
75,60,45.4063,-129.643,56.4092,-159.164
80,60,44.9,-128.636,55.6897,-158.14
85,60,44.054,-127.053,54.8119,-159.549
90,60,42.953,-123.761,53.8391,-163.652
0,65,50.8777,-164.486,61.6071,-146.23
5,65,45.694,-142.914,58.5429,-119.967
10,65,41.3422,-69.0104,57.0099,-75.5801
15,65,47.3493,-18.7925,58.9595,-37.3896
20,65,51.1171,-3.79568,61.0934,-16.2341
25,65,52.9427,4.12221,62.2072,-2.81308
30,65,53.5665,9.5582,62.3488,7.77864
35,65,53.3156,13.5715,61.6466,17.6838
40,65,52.3578,16.3436,60.1836,28.3002
45,65,50.8026,17.6548,58.032,41.2371
50,65,48.7268,17.0007,55.3742,58.834
55,65,46.2789,13.4569,52.8659,83.7267
60,65,43.7297,6.04507,51.6864,112.871
65,65,41.5533,-5.32174,51.9023,136.291
70,65,40.252,-18.0206,52.4328,150.533
75,65,39.8664,-27.9082,52.6924,157.891
80,65,40.0528,-33.2256,52.5801,160.433
85,65,40.5393,-34.8597,52.1379,159.141
90,65,41.2023,-34.4645,51.4353,154.321
0,70,47.9966,-172.004,61.7815,-146.675
5,70,43.8771,-161.186,59.2842,-126.474
10,70,36.0504,-126.607,57.2494,-93.4619
15,70,38.0246,-28.346,57.7113,-56.1296
20,70,44.399,-5.13506,59.5932,-30.7133
25,70,47.6184,3.0012,61.1325,-15.1967
30,70,49.3538,7.61211,61.9786,-4.50877
35,70,50.2114,10.5743,62.1906,3.88299
40,70,50.4775,12.3705,61.8676,11.1617
45,70,50.3274,13.1245,61.0963,17.9537
50,70,49.8942,12.8542,59.9552,24.6515
55,70,49.2872,11.5836,58.5253,31.504
60,70,48.6236,9.42952,56.9099,38.7037
65,70,47.9829,6.62793,55.2299,46.1853
70,70,47.4237,3.47455,53.6292,53.5797
75,70,46.9706,0.27458,52.236,60.0804
80,70,46.6151,-2.73383,51.1157,64.6086
85,70,46.3234,-5.41169,50.2572,66.2307
90,70,46.0456,-7.69081,49.6042,64.4948
0,75,44.0881,171.383,61.888,-147.107
5,75,41.7594,172.527,60.0173,-132.449
10,75,38.1257,170.317,58.1071,-110.886
15,75,31.7749,155.023,57.1267,-82.4186
20,75,27.7981,70.2019,57.6985,-55.001
25,75,35.2594,33.4321,58.9844,-35.1519
30,75,39.3398,26.2711,60.1412,-21.8049
35,75,41.7142,23.6178,60.9138,-12.425
40,75,43.183,22.0548,61.2933,-5.40902
45,75,44.0906,20.6948,61.3302,0.0969578
50,75,44.6232,19.2378,61.0826,4.53927
55,75,44.8824,17.45,60.6072,8.13458
60,75,44.9638,15.4824,59.9559,10.9878
65,75,44.9095,13.437,59.1748,13.0933
70,75,44.7435,11.4327,58.3086,14.4059
75,75,44.4744,9.61114,57.3952,14.8328
80,75,44.0975,8.1414,56.4635,14.242
85,75,43.5973,7.23844,55.5311,12.4663
90,75,42.9514,7.20469,54.6022,9.30196
0,80,40.5297,128.899,61.9282,-147.531
5,80,40.7826,131.942,60.7127,-137.833
10,80,41.0159,133.978,59.3651,-125.532
15,80,41.1837,135.005,58.0834,-109.993
20,80,41.264,135.195,57.1897,-91.6016
25,80,41.2447,134.706,56.9341,-72.5985
30,80,41.1225,133.659,57.2316,-55.8474
35,80,40.9035,132.147,57.7688,-42.6706
40,80,40.6031,130.246,58.2859,-32.8299
45,80,40.2459,128.037,58.6556,-25.6007
50,80,39.8634,125.614,58.8372,-20.3467
55,80,39.426,123.207,58.8324,-16.6188
60,80,39.012,120.906,58.6554,-14.1671
65,80,38.6569,118.818,58.3217,-12.848
70,80,38.3985,117.165,57.8502,-12.5963
75,80,38.2685,116.106,57.2573,-13.4151
80,80,38.2906,115.688,56.5566,-15.368
85,80,38.4764,115.812,55.76,-18.5795
90,80,38.821,116.27,54.8811,-23.2407
0,85,43.1116,79.8075,61.9025,-147.955
5,85,43.2008,91.1787,61.3445,-142.625
10,85,43.5366,102.145,60.705,-136.878
15,85,44.052,111.944,59.9997,-130.674
20,85,44.6519,120.281,59.253,-124.018
25,85,45.2557,127.163,58.4947,-116.961
30,85,45.8104,132.745,57.7564,-109.625
35,85,46.2884,137.219,57.067,-102.22
40,85,46.6802,140.765,56.4457,-95.0289
45,85,46.987,143.533,55.8973,-88.3739
50,85,47.2163,145.646,55.4112,-82.5625
55,85,47.3528,147.186,54.9658,-77.8172
60,85,47.4225,148.305,54.5412,-74.2833
65,85,47.4315,148.986,54.1111,-72.1171
70,85,47.3884,149.288,53.6606,-71.3677
75,85,47.2997,149.263,53.184,-72.0601
80,85,47.1694,148.955,52.6857,-74.2088
85,85,46.9992,148.407,52.1791,-77.8144
90,85,46.7881,147.66,51.6868,-82.8453
0,90,47.2329,59.3618,61.8107,-148.384
5,90,46.9313,66.6097,61.8916,-146.865
10,90,46.6655,74.1704,61.9179,-145.492
15,90,46.4468,81.9446,61.8846,-144.272
20,90,46.2885,89.7678,61.7938,-143.209
25,90,46.1944,97.4621,61.6475,-142.306
30,90,46.1538,104.846,61.4455,-141.582
35,90,46.1578,111.789,61.1922,-141.052
40,90,46.1885,118.196,60.8882,-140.723
45,90,46.2316,124.015,60.5366,-140.607
50,90,46.273,129.224,60.1402,-140.718
55,90,46.3004,133.829,59.702,-141.073
60,90,46.3029,137.85,59.2243,-141.697
65,90,46.2722,141.319,58.7091,-142.613
70,90,46.2015,144.28,58.1578,-143.85
75,90,46.0858,146.781,57.5716,-145.436
80,90,45.9214,148.879,56.9513,-147.404
85,90,45.7053,150.635,56.2982,-149.795
90,90,45.4341,152.112,55.6139,-152.657
0,95,50.3155,50.5948,61.6514,-148.827
5,95,50.2561,52.3902,62.34,-150.621
10,95,50.0873,53.8286,62.9089,-152.14
15,95,49.8007,54.9165,63.353,-153.46
20,95,49.3969,55.6416,63.6754,-154.64
25,95,48.8758,55.9896,63.8803,-155.733
30,95,48.2316,55.9555,63.9702,-156.797
35,95,47.4621,55.4845,63.9547,-157.875
40,95,46.5676,54.5515,63.837,-159.009
45,95,45.5472,53.1309,63.6236,-160.235
50,95,44.3979,51.1935,63.321,-161.589
55,95,43.1139,48.7041,62.9353,-163.105
60,95,41.6853,45.6158,62.4724,-164.822
65,95,40.0952,41.8572,61.9375,-166.779
70,95,38.3157,37.3058,61.3354,-169.02
75,95,36.3012,31.7309,60.6701,-171.594
80,95,33.9795,24.666,59.9457,-174.558
85,95,31.2437,15.0926,59.1662,-177.981
90,95,27.9841,0.59697,58.3369,178.057
0,100,52.6192,45.8924,61.422,-149.289
5,100,53.0079,43.1522,62.6771,-153.953
10,100,53.2201,40.1086,63.6474,-157.427
15,100,53.2724,36.6798,64.3443,-160.175
20,100,53.1939,32.8034,64.7899,-162.5
25,100,53.0174,28.4628,65.0064,-164.618
30,100,52.7711,23.698,65.0135,-166.699
35,100,52.49,18.5939,64.8358,-168.862
40,100,52.2031,13.3383,64.4925,-171.219
45,100,51.9257,8.15564,64.0067,-173.854
50,100,51.6591,3.26397,63.4024,-176.831
55,100,51.3931,-1.16728,62.7046,179.808
60,100,51.1114,-5.0414,61.9389,176.045
65,100,50.7969,-8.33548,61.1301,171.885
70,100,50.4356,-11.0859,60.3019,167.356
75,100,50.0173,-13.3678,59.4747,162.5
80,100,49.5354,-15.2751,58.6653,157.366
85,100,48.9847,-16.9022,57.8865,151.988
90,100,48.3595,-18.3285,57.1485,146.377
0,105,54.4142,42.9609,61.1189,-149.78
5,105,55.2906,36.5415,62.8945,-156.926
10,105,55.8682,30.6084,64.13,-161.779
15,105,56.1797,24.7733,64.8814,-165.518
20,105,56.2747,18.7907,65.2056,-168.819
25,105,56.2087,12.5553,65.1489,-172.158
30,105,56.0331,6.10017,64.7521,-175.943
35,105,55.7972,-0.398078,64.0615,179.447
40,105,55.5343,-6.6296,63.1348,173.598
45,105,55.2528,-12.2644,62.0591,166.149
50,105,54.9422,-17.0328,60.9579,156.921
55,105,54.5838,-20.7708,59.9768,146.153
60,105,54.1622,-23.4186,59.2317,134.644
65,105,53.6719,-24.9935,58.7453,123.498
70,105,53.1203,-25.5632,58.4431,113.591
75,105,52.5264,-25.2344,58.2137,105.269
80,105,51.9166,-24.1557,57.9669,98.4585
85,105,51.3185,-22.5228,57.6524,92.9102
90,105,50.7525,-20.5712,57.2555,88.358
0,110,55.8583,40.9423,60.7367,-150.312
5,110,57.2043,31.4926,62.9854,-159.598
10,110,58.0412,23.6354,64.3631,-165.489
15,110,58.4225,16.27,64.9979,-170.14
20,110,58.4316,8.69381,64.9841,-174.764
25,110,58.1676,0.485445,64.3878,179.602
30,110,57.7396,-8.47844,63.2892,171.719
35,110,57.2535,-17.9567,61.8674,159.999
40,110,56.778,-27.343,60.5541,143.163
45,110,56.3149,-35.952,59.9895,122.808
50,110,55.8136,-43.2882,60.3561,104.066
55,110,55.2078,-49.1442,61.147,90.1791
60,110,54.4451,-53.5088,61.8781,80.6409
65,110,53.4973,-56.4133,62.3591,73.9184
70,110,52.3609,-57.8074,62.5614,68.8231
75,110,51.0588,-57.4814,62.5108,64.61
80,110,49.6516,-55.0463,62.2448,60.8358
85,110,48.2635,-50.0441,61.7992,57.247
90,110,47.1032,-42.3514,61.2049,53.7175
0,115,57.0456,39.4515,60.2682,-150.899
5,115,58.8217,27.4626,62.9436,-162.02
10,115,59.7994,18.2004,64.3554,-168.757
15,115,60.0745,9.46102,64.7226,-174.475
20,115,59.7868,-0.2207,64.1662,178.724
25,115,59.134,-11.9388,62.7939,168.283
30,115,58.3995,-26.1057,60.9973,150.319
35,115,57.8837,-41.7784,60.0465,123.105
40,115,57.6896,-56.7667,61.0005,96.7836
45,115,57.6543,-69.397,62.6998,80.1575
50,115,57.5504,-79.42,64.0836,70.7873
55,115,57.241,-87.4137,64.9435,65.0975
60,115,56.6842,-94.054,65.3382,61.088
65,115,55.8918,-99.8439,65.369,57.7184
70,115,54.8861,-104.928,65.1247,54.4605
75,115,53.6761,-109.385,64.6856,51.0311
80,115,52.2541,-113.11,64.1145,47.3072
85,115,50.5867,-115.831,63.459,43.255
90,115,48.6065,-116.979,62.7526,38.8869
0,120,58.0352,38.2912,59.7039,-151.559
5,120,60.1946,24.1453,62.7621,-164.238
10,120,61.2059,13.73,64.1146,-171.723
15,120,61.2296,3.38162,64.0776,-178.852
20,120,60.5013,-9.61448,62.791,170.583
25,120,59.4878,-27.5637,60.6564,150.211
30,120,58.977,-49.8924,59.7575,115.548
35,120,59.3713,-71.0196,61.7137,85.578
40,120,60.1329,-86.6162,64.0438,70.5575
45,120,60.6853,-97.308,65.5821,63.3509
50,120,60.8403,-105.07,66.3412,59.24
55,120,60.6212,-111.334,66.4897,56.0873
60,120,60.114,-116.815,66.1912,52.8037
65,120,59.4106,-121.733,65.5955,48.8152
70,120,58.5686,-125.935,64.8398,43.9398
75,120,57.6166,-129.296,64.0399,38.3041
80,120,56.5643,-131.697,63.275,32.2692
85,120,55.4098,-133.092,62.5822,26.2597
90,120,54.1433,-133.476,61.9664,20.5978
0,125,58.8662,37.3503,59.0307,-152.321
5,125,61.3611,21.3539,62.4324,-166.294
10,125,62.3155,9.88109,63.6461,-174.485
15,125,61.9748,-2.56866,63.0802,176.445
20,125,60.7679,-20.7447,60.9483,159.377
25,125,59.8727,-47.7211,59.0649,122.676
30,125,60.5846,-75.552,61.1783,84.2828
35,125,62.051,-94.187,64.1449,66.9787
40,125,63.1062,-105.17,65.9533,59.9664
45,125,63.4975,-112.448,66.6808,56.2904
50,125,63.3256,-118.331,66.5811,52.9866
55,125,62.7651,-123.869,65.8945,48.3274
60,125,61.9816,-129.214,64.8973,41.2044
65,125,61.0885,-133.945,63.924,31.4405
70,125,60.1083,-137.397,63.2487,20.3205
75,125,59.0321,-139.16,62.9063,9.8687
80,125,57.86,-139.033,62.7205,1.31266
85,125,56.637,-137.03,62.5047,-5.27937
90,125,55.453,-133.413,62.1649,-10.3062
0,130,59.5656,36.5615,58.2306,-153.224
5,130,62.3499,18.9678,61.9424,-168.229
10,130,63.1747,6.44302,62.9512,-177.11
15,130,62.3915,-8.8003,61.745,171.144
20,130,60.8604,-34.4354,58.9014,143.408
25,130,60.9824,-69.5815,59.2943,93.8304
30,130,62.9805,-94.8451,63.0404,67.3639
35,130,64.6305,-107.845,65.4846,58.4276
40,130,65.3132,-115.405,66.4259,54.5426
45,130,65.168,-121.523,66.2114,50.7984
50,130,64.4787,-128.157,65.1952,43.9693
55,130,63.5616,-135.744,63.974,31.5438
60,130,62.645,-143.319,63.4435,14.6945
65,130,61.7505,-149.339,63.8993,-0.302616
70,130,60.7174,-152.854,64.6919,-9.94359
75,130,59.3989,-153.711,65.2763,-15.5761
80,130,57.7367,-151.812,65.4946,-19.3647
85,130,55.8125,-146.579,65.3585,-22.7319
90,130,53.9456,-137.153,64.9199,-26.3669
0,135,60.1527,35.8812,57.2787,-154.328
5,135,63.1838,16.9059,61.2747,-170.086
10,135,63.8235,3.28759,62.0247,-179.636
15,135,62.5623,-15.5901,60.0852,164.986
20,135,61.1305,-50.378,57.2158,122.336
25,135,62.7813,-87.7225,60.4457,74.1965
30,135,65.2369,-106.786,64.0977,58.5701
35,135,66.4977,-115.863,65.7068,53.5516
40,135,66.5627,-122.388,65.6877,49.7766
45,135,65.8149,-130.209,64.5049,41.7347
50,135,64.8266,-140.895,63.1923,24.4552
55,135,64.1535,-152.634,63.4974,2.43428
60,135,63.8132,-161.635,65.1239,-11.2511
65,135,63.3802,-166.398,66.609,-16.0326
70,135,62.4988,-167.946,67.5114,-16.6045
75,135,61.0233,-167.701,67.8691,-16.0784
80,135,58.8863,-166.404,67.8048,-16.1937
85,135,56.0183,-163.493,67.4311,-17.9084
90,135,52.3918,-155.61,66.8338,-21.6406
0,140,60.6413,35.2802,56.1391,-155.734
5,140,63.8806,15.1124,60.4032,-171.92
10,140,64.2968,0.342869,60.8521,177.922
15,140,62.5755,-23.0658,58.1102,157.747
20,140,61.8273,-66.5863,56.3938,99.9129
25,140,64.6852,-100.282,61.2744,62.497
30,140,66.9703,-114.138,64.2724,53.2312
35,140,67.6353,-121.426,64.9781,49.5421
40,140,67.0407,-129.394,63.9529,42.6351
45,140,65.9667,-142.144,62.3559,23.8985
50,140,65.5356,-158.002,63.002,-2.67759
55,140,65.9167,-169.22,65.4359,-15.7931
60,140,66.2359,-173.095,67.3985,-16.7363
65,140,65.9588,-172.208,68.5086,-12.6411
70,140,64.9714,-169.38,68.9369,-7.26294
75,140,63.3004,-166.554,68.8715,-2.71641
80,140,60.9652,-164.938,68.4714,-0.393455
85,140,57.9092,-164.926,67.8654,-1.21222
90,140,53.8899,-165.226,67.1565,-5.59641
0,145,61.0418,34.7377,54.758,-157.612
5,145,64.4551,13.5482,59.2871,-173.809
10,145,64.6259,-2.4207,59.4015,175.572
15,145,62.5208,-31.1515,55.8121,149.274
20,145,62.8908,-80.6387,56.1556,81.1148
25,145,66.3176,-108.547,61.4254,54.9102
30,145,68.1663,-119.069,63.658,49.1675
35,145,68.183,-126.425,63.4176,44.7391
40,145,67.0851,-138.457,61.5678,30.0676
45,145,66.4689,-157.471,61.435,-0.895971
50,145,67.3243,-172.447,64.4225,-18.6191
55,145,68.3591,-176.274,66.9849,-18.324
60,145,68.6552,-172.665,68.4235,-10.5217
65,145,68.0991,-165.703,68.9888,-0.212598
70,145,66.7847,-158.016,68.9492,10.0495
75,145,64.8207,-151.453,68.5009,18.3633
80,145,62.2777,-147.406,67.801,23.1476
85,145,59.1577,-146.662,66.9854,23.1831
90,145,55.3161,-148.63,66.1834,17.8595
0,150,61.3618,34.2383,53.051,-160.293
5,150,64.9194,12.1857,57.8599,-175.883
10,150,64.8386,-4.99878,57.6107,173.346
15,150,62.4759,-39.528,53.1253,139.496
20,150,64.0646,-91.4824,55.8233,66.7686
25,150,67.5811,-114.109,60.858,49.0358
30,150,68.9131,-122.844,62.3099,45.1497
35,150,68.3212,-131.923,61.097,37.7602
40,150,67.1553,-150.022,59.2621,10.3859
45,150,67.7754,-171.221,61.865,-19.7231
50,150,69.4648,-178.823,65.3074,-23.0827
55,150,70.4419,-174.583,67.3271,-13.629
60,150,70.3888,-164.387,68.2011,0.777495
65,150,69.4403,-151.67,68.2967,16.8006
70,150,67.7693,-138.671,67.8908,32.1939
75,150,65.5155,-127.252,67.1636,44.7793
80,150,62.7683,-119.035,66.2454,52.4798
85,150,59.5547,-114.99,65.2575,53.5646
90,150,55.8107,-114.331,64.3584,47.087
0,155,61.6071,33.7705,50.8777,-164.486
5,155,65.2835,11.0054,56.0068,-178.404
10,155,64.9595,-7.35997,55.356,171.297
15,155,62.485,-47.6792,49.8227,128.184
20,155,65.1355,-99.3988,54.9429,54.799
25,155,68.498,-118.055,59.5412,43.2669
30,155,69.3172,-126.123,60.1998,40.2115
35,155,68.244,-138.328,58.0319,27.0264
40,155,67.612,-162.188,57.7302,-12.7267
45,155,69.4235,-179.485,62.0379,-30.2033
50,155,71.2458,-178.977,65.0578,-23.0216
55,155,71.8982,-168.154,66.4937,-6.64005
60,155,71.4557,-152.148,66.8906,13.9338
65,155,70.1578,-133.67,66.6535,36.0184
70,155,68.2234,-114.808,66.061,57.0824
75,155,65.8142,-97.6514,65.2431,74.349
80,155,63.0204,-84.157,64.2539,85.1855
85,155,59.881,-75.4157,63.1669,87.4115
90,155,56.4505,-70.3183,62.1679,79.7142
0,160,61.7815,33.3247,47.9966,-172.004
5,160,65.5552,9.99295,53.5089,178.012
10,160,65.0098,-9.45312,52.3703,169.499
15,160,62.5482,-55.0404,45.2155,113.512
20,160,66.0005,-105.093,53.2508,42.0886
25,160,69.1219,-121,57.3557,35.8486
30,160,69.4794,-129.195,57.1442,32.904
35,160,68.1234,-145.365,54.1306,9.65591
40,160,68.4118,-172.237,56.5608,-34.6659
45,160,70.8685,176.957,61.1759,-38.2809
50,160,72.5057,-176.077,63.5803,-23.3836
55,160,72.8083,-159.932,64.46,-0.726703
60,160,72.0387,-138.639,64.4774,26.3896
65,160,70.5053,-114.478,64.1065,55.1464
70,160,68.473,-89.6933,63.591,82.0363
75,160,66.1073,-66.8551,62.9162,103.596
80,160,63.4679,-48.3304,62.0091,117.06
85,160,60.6012,-35.32,60.9095,120.168
90,160,57.7079,-26.9023,59.8565,111.343
0,165,61.888,32.893,44.0881,171.383
5,165,65.7408,9.13795,49.8861,171.447
10,165,65.007,-11.2164,47.9519,168.06
15,165,62.6291,-61.1612,37.1682,78.3773
20,165,66.6288,-109.192,50.6117,23.0864
25,165,69.5094,-123.312,54.0196,22.8116
30,165,69.4857,-132.089,52.6309,18.7758
35,165,68.053,-152.22,49.468,-23.6097
40,165,69.2451,-179.176,55.0614,-58.9889
45,165,71.9109,175.906,59.1118,-51.2254
50,165,73.2974,-172.391,60.7049,-30.0553
55,165,73.3066,-151.968,60.88,-0.86843
60,165,72.3041,-126.043,60.5142,34.2984
65,165,70.665,-96.7715,60.2703,71.0201
70,165,68.6824,-66.8355,60.1752,103.485
75,165,66.4786,-39.3454,59.8625,128.222
80,165,64.0533,-16.8508,59.1469,143.391
85,165,61.4716,-0.582352,58.1274,146.96
90,165,59.0555,9.73391,57.1532,137.15
0,170,61.9282,32.4687,40.5297,128.899
5,170,65.8449,8.43193,43.9436,152.366
10,170,64.9649,-12.588,39.0232,167.326
15,170,62.6765,-65.7729,38.6287,-27.4348
20,170,67.0206,-112.138,48.0916,-13.342
25,170,69.7083,-125.18,49.6945,-9.17176
30,170,69.4021,-134.667,46.642,-24.4708
35,170,68.0218,-157.983,48.1346,-84.1468
40,170,69.8618,176.372,54.0678,-93.7543
45,170,72.5364,175.625,56.6668,-80.4496
50,170,73.707,-169.435,56.8439,-57.6877
55,170,73.5005,-145.826,55.2657,-24.8777
60,170,72.3544,-116.274,53.2372,22.4718
65,170,70.7006,-83.0375,53.1712,75.9905
70,170,68.8279,-49.3152,54.3004,116.45
75,170,66.7815,-18.5028,54.8331,143.39
80,170,64.5175,6.99878,54.5735,159.292
85,170,62.1476,25.9164,53.8786,162.994
90,170,60.0776,37.6203,53.2898,152.801
0,175,61.9025,32.045,43.1116,79.8075
5,175,65.8702,7.86754,40.1857,71.886
10,175,64.8934,-13.5168,36.4349,-14.9052
15,175,62.6445,-68.7519,45.8392,-52.7581
20,175,67.1845,-114.207,49.5881,-58.3472
25,175,69.7536,-126.697,49.9795,-66.6754
30,175,69.2718,-136.733,49.2594,-93.3035
35,175,67.9568,-162.047,52.1478,-124.366
40,175,70.1463,173.459,55.7388,-130.598
45,175,72.7781,175.017,57.5487,-123.25
50,175,73.8024,-168.223,57.5886,-109.655
55,175,73.4568,-142.695,55.9499,-92.0723
60,175,72.2275,-110.872,52.4473,-70.4809
65,175,70.5855,-75.1926,46.332,-40.4208
70,175,68.8018,-39.2463,37.8302,33.7892
75,175,66.851,-6.47308,41.5091,115.397
80,175,64.6718,21.0019,44.3362,141.305
85,175,62.4264,41.8781,45.4635,150.411
90,175,60.5778,54.8021,46.3377,146.565
0,180,61.8107,31.6155,47.2329,59.3618
5,180,65.8196,7.43713,47.4494,30.5156
10,180,64.7997,-13.9757,46.7798,-14.4778
15,180,62.504,-70.0393,49.8608,-60.8642
20,180,67.1258,-115.552,53.176,-82.671
25,180,69.6663,-127.908,54.4227,-96.2234
30,180,69.1181,-138.131,54.3841,-115.428
35,180,67.7897,-164.148,55.721,-141.132
40,180,70.0581,171.446,58.6814,-153.164
45,180,72.664,173.482,60.9352,-149.505
50,180,73.6244,-169.36,61.8659,-136.819
55,180,73.208,-143.351,61.5452,-118.405
60,180,71.9228,-110.856,60.1234,-95.4027
65,180,70.2672,-74.4018,57.8038,-67.984
70,180,68.5049,-37.7906,54.9594,-36.4656
75,180,66.5768,-4.48321,52.1388,-3.63101
80,180,64.4017,23.6464,49.5816,23.9671
85,180,62.1734,45.4718,46.8452,40.4538
90,180,60.4108,59.5148,43.1466,45.5924
